review,sentiment
"In my experience, Customer support was friendly and solved my problem quickly. There is still room for improvement.",positive
The product quality was poor and below my expectations. There is still room for improvement.,negative
"After using it, The staff were unhelpful and made the experience unpleasant.",negative
"As a customer, Delivery was quick and the packaging was excellent. There is still room for improvement.",positive
"From my experience, The overall experience was fantastic and worthwhile. I would recommend it.",positive
"From my experience, The packaging was fine and served its purpose. There is still room for improvement.",neutral
"From my experience, The product quality was excellent and exceeded my expectations.",positive
"Overall, Delivery was late and the packaging was damaged. I would recommend it.",negative
Delivery was quick and the packaging was excellent.,positive
"Honestly, The product works as expected without anything special.",neutral
"The service was fast, helpful, and very professional. I would consider using it again.",positive
"As a customer, Customer support was friendly and solved my problem quickly. This was my experience.",positive
"From my experience, Customer support was friendly and solved my problem quickly. This was my experience.",positive
"Overall, The overall experience was terrible and not worthwhile.",negative
"In my experience, The staff were polite, although the experience was ordinary.",neutral
"After using it, The product is okay, but nothing particularly stood out. I would recommend it.",neutral
I am very happy with the product and would recommend it.,positive
"From my experience, The product quality was average and matched my expectations. I would consider using it again.",neutral
"For me, The overall experience was fantastic and worthwhile.",positive
"In my experience, The product works perfectly and feels premium.",positive
"Overall, The product quality was excellent and exceeded my expectations.",positive
"Overall, The overall experience was terrible and not worthwhile. I would recommend it.",negative
"Overall, The purchase experience was frustrating and disappointing.",negative
"After using it, The overall experience was terrible and not worthwhile. This was my experience.",negative
"For me, The staff were polite, although the experience was ordinary.",neutral
"Honestly, The purchase experience was frustrating and disappointing. There is still room for improvement.",negative
"For me, Delivery was quick and the packaging was excellent. This was my experience.",positive
"After using it, The purchase experience was smooth and satisfying. This was my experience.",positive
"As a customer, The product performance was unreliable and caused problems. This was my experience.",negative
"Overall, I am disappointed with the product and would not recommend it. I would recommend it.",negative
"As a customer, The overall experience was terrible and not worthwhile. I would recommend it.",negative
"For me, The staff were helpful and made the experience pleasant. This was my experience.",positive
"Honestly, The product works perfectly and feels premium.",positive
"From my experience, The service was acceptable but could still be improved. I would recommend it.",neutral
"From my experience, The overall experience was fantastic and worthwhile.",positive
"Honestly, The service was slow and very frustrating.",negative
"In my experience, The purchase experience was smooth and satisfying.",positive
"Overall, Customer support was unhelpful and did not solve my problem. I would recommend it.",negative
"As a customer, The service was slow and very frustrating.",negative
"After using it, Delivery was normal and arrived within the expected time. I would consider using it again.",neutral
"Overall, The staff were polite, although the experience was ordinary. I would recommend it.",neutral
"Overall, I am very happy with the product and would recommend it. This was my experience.",positive
"From my experience, Customer support was unhelpful and did not solve my problem.",negative
"Overall, The staff were unhelpful and made the experience unpleasant.",negative
"In my experience, I am very happy with the product and would recommend it. This was my experience.",positive
"As a customer, The overall experience was fantastic and worthwhile.",positive
"Overall, Delivery was late and the packaging was damaged. This was my experience.",negative
Customer support was friendly and solved my problem quickly. I would recommend it.,positive
Delivery was quick and the packaging was excellent. I would recommend it.,positive
"Overall, The product did not work properly and felt low quality. There is still room for improvement.",negative
"Overall, The service was acceptable but could still be improved.",neutral
The service was acceptable but could still be improved.,neutral
"For me, Customer support was friendly and solved my problem quickly. There is still room for improvement.",positive
"From my experience, The product performance was unreliable and caused problems. This was my experience.",negative
The overall experience was terrible and not worthwhile. I would recommend it.,negative
"In my experience, The product works as expected without anything special. This was my experience.",neutral
"After using it, The product quality was average and matched my expectations.",neutral
The staff were helpful and made the experience pleasant. I would recommend it.,positive
"From my experience, The purchase experience was smooth and satisfying. This was my experience.",positive
"Honestly, The overall experience was fantastic and worthwhile. This was my experience.",positive
"For me, Delivery was quick and the packaging was excellent. There is still room for improvement.",positive
"Overall, The staff were helpful and made the experience pleasant. This was my experience.",positive
The purchase experience was satisfactory. This was my experience.,neutral
"As a customer, The purchase experience was frustrating and disappointing. I would recommend it.",negative
"Overall, The product performance was unreliable and caused problems.",negative
"Overall, Delivery was quick and the packaging was excellent.",positive
The staff were unhelpful and made the experience unpleasant. There is still room for improvement.,negative
"As a customer, The overall experience was terrible and not worthwhile. I would consider using it again.",negative
"For me, The product works perfectly and feels premium.",positive
"As a customer, Customer support answered my question, but the response was ordinary. There is still room for improvement.",neutral
"Honestly, Customer support answered my question, but the response was ordinary.",neutral
"Honestly, The product quality was excellent and exceeded my expectations.",positive
"In my experience, I am disappointed with the product and would not recommend it.",negative
"In my experience, The staff were polite, although the experience was ordinary. There is still room for improvement.",neutral
"From my experience, I am disappointed with the product and would not recommend it.",negative
"After using it, The purchase experience was frustrating and disappointing. I would recommend it.",negative
"Customer support answered my question, but the response was ordinary. I would consider using it again.",neutral
"From my experience, The product is okay, but nothing particularly stood out. This was my experience.",neutral
"For me, The product performance was unreliable and caused problems. There is still room for improvement.",negative
"After using it, I am disappointed with the product and would not recommend it. I would recommend it.",negative
The packaging was fine and served its purpose.,neutral
"For me, I am disappointed with the product and would not recommend it. I would consider using it again.",negative
"Overall, The overall experience was terrible and not worthwhile. This was my experience.",negative
"Overall, The staff were polite, although the experience was ordinary.",neutral
"After using it, Delivery was quick and the packaging was excellent. I would recommend it.",positive
I am very happy with the product and would recommend it. There is still room for improvement.,positive
"From my experience, The product performance was amazing and reliable. There is still room for improvement.",positive
"From my experience, The product quality was average and matched my expectations. This was my experience.",neutral
"After using it, The staff were polite, although the experience was ordinary. There is still room for improvement.",neutral
"Overall, The product quality was average and matched my expectations. I would recommend it.",neutral
"For me, The product is okay, but nothing particularly stood out. I would recommend it.",neutral
"As a customer, The product performance was unreliable and caused problems.",negative
"In my experience, Delivery was quick and the packaging was excellent. There is still room for improvement.",positive
"After using it, Customer support answered my question, but the response was ordinary. I would recommend it.",neutral
"As a customer, The service was acceptable but could still be improved. This was my experience.",neutral
"Overall, The packaging was fine and served its purpose.",neutral
"As a customer, The product is okay, but nothing particularly stood out.",neutral
"As a customer, The product quality was excellent and exceeded my expectations. I would consider using it again.",positive
"From my experience, The product quality was poor and below my expectations. This was my experience.",negative
The product works perfectly and feels premium.,positive
"As a customer, The product works perfectly and feels premium. There is still room for improvement.",positive
"For me, The product quality was average and matched my expectations.",neutral
"For me, The purchase experience was frustrating and disappointing. I would consider using it again.",negative
"As a customer, The purchase experience was satisfactory.",neutral
"From my experience, Delivery was quick and the packaging was excellent. There is still room for improvement.",positive
"After using it, I am disappointed with the product and would not recommend it.",negative
The product performance was amazing and reliable.,positive
"From my experience, The packaging was fine and served its purpose. This was my experience.",neutral
"In my experience, Delivery was normal and arrived within the expected time.",neutral
"In my experience, The product quality was poor and below my expectations. I would consider using it again.",negative
"As a customer, The overall experience was fantastic and worthwhile. This was my experience.",positive
Delivery was late and the packaging was damaged.,negative
"For me, The staff were unhelpful and made the experience unpleasant. This was my experience.",negative
"For me, The overall experience was terrible and not worthwhile.",negative
"From my experience, The staff were polite, although the experience was ordinary. There is still room for improvement.",neutral
"Overall, Overall, the experience was decent but not impressive. I would consider using it again.",neutral
"As a customer, The product works as expected without anything special.",neutral
"As a customer, The product performance was amazing and reliable. This was my experience.",positive
"After using it, The product did not work properly and felt low quality. I would consider using it again.",negative
"In my experience, I am disappointed with the product and would not recommend it. I would consider using it again.",negative
"For me, The product performance was amazing and reliable.",positive
"From my experience, The product quality was excellent and exceeded my expectations. There is still room for improvement.",positive
"As a customer, The staff were polite, although the experience was ordinary. This was my experience.",neutral
The purchase experience was frustrating and disappointing. This was my experience.,negative
"After using it, The overall experience was fantastic and worthwhile.",positive
The purchase experience was smooth and satisfying. This was my experience.,positive
"As a customer, The staff were unhelpful and made the experience unpleasant.",negative
"Overall, The packaging was fine and served its purpose. This was my experience.",neutral
"For me, The overall experience was terrible and not worthwhile. I would recommend it.",negative
"After using it, The service was slow and very frustrating.",negative
"After using it, The product works perfectly and feels premium.",positive
"Honestly, The overall experience was terrible and not worthwhile.",negative
"Overall, The staff were helpful and made the experience pleasant. I would consider using it again.",positive
The product performance was amazing and reliable. There is still room for improvement.,positive
The service was slow and very frustrating.,negative
"Overall, The overall experience was fantastic and worthwhile. There is still room for improvement.",positive
"Overall, Delivery was quick and the packaging was excellent. I would recommend it.",positive
"Overall, The product works perfectly and feels premium.",positive
"After using it, The packaging was fine and served its purpose. This was my experience.",neutral
"Honestly, Delivery was quick and the packaging was excellent. I would recommend it.",positive
"As a customer, The product quality was excellent and exceeded my expectations.",positive
"From my experience, The product quality was average and matched my expectations.",neutral
"Honestly, The product performance was amazing and reliable. I would consider using it again.",positive
"From my experience, The product works perfectly and feels premium. I would consider using it again.",positive
"Honestly, The product did not work properly and felt low quality. I would consider using it again.",negative
"After using it, Customer support was friendly and solved my problem quickly. This was my experience.",positive
"After using it, Overall, the experience was decent but not impressive.",neutral
"After using it, The product quality was poor and below my expectations.",negative
"After using it, I am very happy with the product and would recommend it. There is still room for improvement.",positive
"Overall, The product quality was excellent and exceeded my expectations. I would consider using it again.",positive
"From my experience, The overall experience was terrible and not worthwhile. I would consider using it again.",negative
"Honestly, The purchase experience was frustrating and disappointing. This was my experience.",negative
"In my experience, The product works as expected without anything special. I would consider using it again.",neutral
"Honestly, The purchase experience was satisfactory. There is still room for improvement.",neutral
"In my experience, The purchase experience was frustrating and disappointing. There is still room for improvement.",negative
"Honestly, The service was acceptable but could still be improved. I would consider using it again.",neutral
"Overall, I am very happy with the product and would recommend it.",positive
"From my experience, The service was slow and very frustrating.",negative
"Overall, Customer support was friendly and solved my problem quickly.",positive
"From my experience, The product works perfectly and feels premium.",positive
"From my experience, The staff were polite, although the experience was ordinary. This was my experience.",neutral
"As a customer, The product quality was average and matched my expectations. This was my experience.",neutral
"For me, The product quality was excellent and exceeded my expectations. I would recommend it.",positive
"As a customer, The product quality was poor and below my expectations.",negative
"As a customer, The purchase experience was satisfactory. I would recommend it.",neutral
"After using it, The product performance was amazing and reliable.",positive
"Overall, The packaging was fine and served its purpose. I would recommend it.",neutral
"Overall, Delivery was normal and arrived within the expected time. There is still room for improvement.",neutral
"After using it, The product performance was unreliable and caused problems.",negative
"As a customer, The staff were polite, although the experience was ordinary.",neutral
"As a customer, The service was acceptable but could still be improved.",neutral
"For me, The packaging was fine and served its purpose. There is still room for improvement.",neutral
"As a customer, The purchase experience was frustrating and disappointing.",negative
"Honestly, The product quality was poor and below my expectations. I would recommend it.",negative
"In my experience, The staff were helpful and made the experience pleasant. I would recommend it.",positive
"From my experience, The service was fast, helpful, and very professional. I would recommend it.",positive
"From my experience, The product did not work properly and felt low quality. I would recommend it.",negative
"From my experience, The service was fast, helpful, and very professional. There is still room for improvement.",positive
"For me, The product works perfectly and feels premium. I would recommend it.",positive
"Overall, Delivery was normal and arrived within the expected time.",neutral
"For me, Customer support was friendly and solved my problem quickly. I would recommend it.",positive
"After using it, Delivery was normal and arrived within the expected time. This was my experience.",neutral
"Overall, The overall experience was terrible and not worthwhile. I would consider using it again.",negative
"Overall, Delivery was late and the packaging was damaged.",negative
I am disappointed with the product and would not recommend it. I would consider using it again.,negative
"Overall, Overall, the experience was decent but not impressive.",neutral
"For me, Overall, the experience was decent but not impressive.",neutral
"After using it, Delivery was late and the packaging was damaged. I would consider using it again.",negative
"Overall, the experience was decent but not impressive. I would recommend it.",neutral
"As a customer, Delivery was normal and arrived within the expected time.",neutral
"In my experience, The product did not work properly and felt low quality.",negative
Customer support was unhelpful and did not solve my problem. I would recommend it.,negative
"In my experience, Delivery was quick and the packaging was excellent. I would recommend it.",positive
"The product is okay, but nothing particularly stood out.",neutral
"In my experience, The product quality was poor and below my expectations.",negative
"After using it, Delivery was normal and arrived within the expected time. I would recommend it.",neutral
"In my experience, Delivery was late and the packaging was damaged.",negative
"Overall, The product works as expected without anything special. I would recommend it.",neutral
"As a customer, Customer support was unhelpful and did not solve my problem. This was my experience.",negative
"In my experience, The product performance was amazing and reliable.",positive
"Overall, The purchase experience was smooth and satisfying. There is still room for improvement.",positive
"As a customer, I am disappointed with the product and would not recommend it. I would recommend it.",negative
"From my experience, Delivery was late and the packaging was damaged.",negative
"After using it, The overall experience was fantastic and worthwhile. I would consider using it again.",positive
"As a customer, The product is okay, but nothing particularly stood out. There is still room for improvement.",neutral
The packaging was fine and served its purpose. I would recommend it.,neutral
"In my experience, The service was acceptable but could still be improved. This was my experience.",neutral
"After using it, The packaging was fine and served its purpose. I would recommend it.",neutral
The service was acceptable but could still be improved. This was my experience.,neutral
"For me, The service was slow and very frustrating. I would recommend it.",negative
"From my experience, The product performance was unreliable and caused problems. There is still room for improvement.",negative
"In my experience, The product performance was unreliable and caused problems. This was my experience.",negative
"After using it, The product performance was unreliable and caused problems. I would recommend it.",negative
Customer support was friendly and solved my problem quickly. This was my experience.,positive
"As a customer, The product quality was average and matched my expectations.",neutral
"As a customer, The product performance was amazing and reliable.",positive
The purchase experience was satisfactory. I would consider using it again.,neutral
"In my experience, The product quality was excellent and exceeded my expectations.",positive
"From my experience, The purchase experience was frustrating and disappointing. I would consider using it again.",negative
"After using it, The product quality was excellent and exceeded my expectations. I would consider using it again.",positive
"From my experience, The staff were helpful and made the experience pleasant.",positive
"In my experience, The service was slow and very frustrating. I would recommend it.",negative
"After using it, The service was fast, helpful, and very professional. There is still room for improvement.",positive
"After using it, Customer support answered my question, but the response was ordinary. This was my experience.",neutral
"In my experience, The purchase experience was satisfactory. There is still room for improvement.",neutral
The service was slow and very frustrating. I would consider using it again.,negative
"For me, The purchase experience was satisfactory.",neutral
"From my experience, Customer support answered my question, but the response was ordinary. This was my experience.",neutral
"Overall, The service was fast, helpful, and very professional. This was my experience.",positive
"From my experience, The product works as expected without anything special. There is still room for improvement.",neutral
"As a customer, I am very happy with the product and would recommend it.",positive
"From my experience, The service was slow and very frustrating. I would consider using it again.",negative
"After using it, The product is okay, but nothing particularly stood out.",neutral
"From my experience, The product did not work properly and felt low quality.",negative
"Honestly, The product performance was unreliable and caused problems.",negative
"For me, The service was fast, helpful, and very professional.",positive
The product quality was poor and below my expectations. I would recommend it.,negative
"Honestly, Delivery was normal and arrived within the expected time. This was my experience.",neutral
"As a customer, The product quality was poor and below my expectations. I would recommend it.",negative
"For me, Delivery was normal and arrived within the expected time. This was my experience.",neutral
"For me, The staff were unhelpful and made the experience unpleasant. There is still room for improvement.",negative
"In my experience, Overall, the experience was decent but not impressive.",neutral
"Overall, The product quality was poor and below my expectations. This was my experience.",negative
"In my experience, The product performance was amazing and reliable. This was my experience.",positive
"After using it, The purchase experience was smooth and satisfying. I would recommend it.",positive
"In my experience, Customer support answered my question, but the response was ordinary.",neutral
"For me, Customer support was unhelpful and did not solve my problem.",negative
"Overall, The service was slow and very frustrating. I would recommend it.",negative
"Honestly, The staff were helpful and made the experience pleasant.",positive
"From my experience, I am very happy with the product and would recommend it. I would recommend it.",positive
"In my experience, Customer support was friendly and solved my problem quickly.",positive
"In my experience, I am very happy with the product and would recommend it. There is still room for improvement.",positive
The staff were helpful and made the experience pleasant.,positive
The product performance was unreliable and caused problems. I would recommend it.,negative
"After using it, Delivery was quick and the packaging was excellent.",positive
"For me, The service was fast, helpful, and very professional. I would recommend it.",positive
"From my experience, The purchase experience was satisfactory. This was my experience.",neutral
"Honestly, The product is okay, but nothing particularly stood out.",neutral
"After using it, The product quality was excellent and exceeded my expectations.",positive
"In my experience, The packaging was fine and served its purpose. This was my experience.",neutral
"In my experience, The service was acceptable but could still be improved. I would consider using it again.",neutral
"As a customer, Customer support answered my question, but the response was ordinary.",neutral
"In my experience, The staff were unhelpful and made the experience unpleasant. This was my experience.",negative
The overall experience was fantastic and worthwhile. I would consider using it again.,positive
"From my experience, Customer support answered my question, but the response was ordinary. I would consider using it again.",neutral
"In my experience, The purchase experience was frustrating and disappointing.",negative
Delivery was normal and arrived within the expected time.,neutral
"After using it, The product works perfectly and feels premium. I would consider using it again.",positive
"Honestly, The overall experience was fantastic and worthwhile.",positive
"Honestly, The purchase experience was satisfactory.",neutral
The purchase experience was satisfactory. There is still room for improvement.,neutral
"For me, Customer support answered my question, but the response was ordinary. I would consider using it again.",neutral
"As a customer, The product quality was excellent and exceeded my expectations. This was my experience.",positive
"From my experience, The service was fast, helpful, and very professional.",positive
"After using it, Overall, the experience was decent but not impressive. There is still room for improvement.",neutral
"For me, The staff were unhelpful and made the experience unpleasant. I would recommend it.",negative
"For me, Delivery was late and the packaging was damaged. I would consider using it again.",negative
"After using it, The product quality was excellent and exceeded my expectations. I would recommend it.",positive
"Honestly, The service was fast, helpful, and very professional.",positive
"As a customer, The staff were unhelpful and made the experience unpleasant. I would consider using it again.",negative
"As a customer, The product did not work properly and felt low quality. There is still room for improvement.",negative
The product quality was excellent and exceeded my expectations. I would recommend it.,positive
"As a customer, The product did not work properly and felt low quality.",negative
"As a customer, I am disappointed with the product and would not recommend it. This was my experience.",negative
"After using it, The staff were polite, although the experience was ordinary.",neutral
"For me, I am disappointed with the product and would not recommend it.",negative
"After using it, Customer support answered my question, but the response was ordinary.",neutral
"From my experience, The product is okay, but nothing particularly stood out. I would consider using it again.",neutral
"For me, I am very happy with the product and would recommend it.",positive
"Overall, I am disappointed with the product and would not recommend it. This was my experience.",negative
"Honestly, Delivery was normal and arrived within the expected time.",neutral
"Overall, The service was fast, helpful, and very professional. I would recommend it.",positive
"Overall, The product is okay, but nothing particularly stood out.",neutral
"As a customer, I am very happy with the product and would recommend it. There is still room for improvement.",positive
"Overall, The product performance was amazing and reliable. This was my experience.",positive
"Overall, The product is okay, but nothing particularly stood out. There is still room for improvement.",neutral
"For me, The staff were unhelpful and made the experience unpleasant. I would consider using it again.",negative
"As a customer, The staff were helpful and made the experience pleasant.",positive
"From my experience, Customer support was unhelpful and did not solve my problem. There is still room for improvement.",negative
"For me, The product works as expected without anything special. I would consider using it again.",neutral
"In my experience, The overall experience was fantastic and worthwhile. I would recommend it.",positive
"As a customer, Customer support was unhelpful and did not solve my problem.",negative
"After using it, The staff were unhelpful and made the experience unpleasant. This was my experience.",negative
"For me, Customer support was unhelpful and did not solve my problem. There is still room for improvement.",negative
"From my experience, Delivery was quick and the packaging was excellent. I would recommend it.",positive
"Customer support answered my question, but the response was ordinary. This was my experience.",neutral
"From my experience, The staff were helpful and made the experience pleasant. I would consider using it again.",positive
"Honestly, The staff were polite, although the experience was ordinary. This was my experience.",neutral
The staff were helpful and made the experience pleasant. I would consider using it again.,positive
"In my experience, The overall experience was fantastic and worthwhile.",positive
"From my experience, The product performance was amazing and reliable. I would recommend it.",positive
"As a customer, Customer support was unhelpful and did not solve my problem. I would recommend it.",negative
"From my experience, The product works as expected without anything special. I would consider using it again.",neutral
The product did not work properly and felt low quality. There is still room for improvement.,negative
"In my experience, The purchase experience was satisfactory.",neutral
"For me, Customer support was friendly and solved my problem quickly.",positive
"Overall, Overall, the experience was decent but not impressive. There is still room for improvement.",neutral
"Honestly, Delivery was quick and the packaging was excellent. I would consider using it again.",positive
"From my experience, I am disappointed with the product and would not recommend it. This was my experience.",negative
"Honestly, The staff were unhelpful and made the experience unpleasant. This was my experience.",negative
Customer support was friendly and solved my problem quickly.,positive
"Honestly, Overall, the experience was decent but not impressive. I would recommend it.",neutral
"Honestly, The product quality was poor and below my expectations.",negative
"For me, The product did not work properly and felt low quality. I would consider using it again.",negative
"After using it, The product quality was average and matched my expectations. I would recommend it.",neutral
"In my experience, The purchase experience was satisfactory. This was my experience.",neutral
The product works as expected without anything special. There is still room for improvement.,neutral
"From my experience, The product works as expected without anything special.",neutral
"For me, The product quality was poor and below my expectations.",negative
"From my experience, The product quality was excellent and exceeded my expectations. I would recommend it.",positive
"From my experience, The staff were polite, although the experience was ordinary. I would consider using it again.",neutral
"For me, I am very happy with the product and would recommend it. There is still room for improvement.",positive
"After using it, The purchase experience was smooth and satisfying. There is still room for improvement.",positive
"Overall, The service was acceptable but could still be improved. There is still room for improvement.",neutral
"After using it, Customer support answered my question, but the response was ordinary. There is still room for improvement.",neutral
"From my experience, The product performance was unreliable and caused problems.",negative
"As a customer, The service was fast, helpful, and very professional. I would consider using it again.",positive
"For me, Customer support was friendly and solved my problem quickly. I would consider using it again.",positive
"From my experience, The staff were polite, although the experience was ordinary.",neutral
"From my experience, The product works as expected without anything special. I would recommend it.",neutral
"After using it, Delivery was normal and arrived within the expected time.",neutral
"Honestly, The purchase experience was frustrating and disappointing.",negative
"From my experience, The packaging was fine and served its purpose.",neutral
"After using it, The product performance was amazing and reliable. There is still room for improvement.",positive
"From my experience, Delivery was normal and arrived within the expected time.",neutral
Customer support was unhelpful and did not solve my problem. There is still room for improvement.,negative
"After using it, The purchase experience was frustrating and disappointing. I would consider using it again.",negative
"After using it, I am very happy with the product and would recommend it. I would consider using it again.",positive
"Honestly, I am disappointed with the product and would not recommend it. This was my experience.",negative
"Customer support answered my question, but the response was ordinary.",neutral
"In my experience, The overall experience was fantastic and worthwhile. There is still room for improvement.",positive
"In my experience, The product works as expected without anything special. There is still room for improvement.",neutral
"Honestly, The product performance was amazing and reliable.",positive
"Honestly, Delivery was late and the packaging was damaged.",negative
"After using it, The purchase experience was frustrating and disappointing.",negative
"Overall, The product performance was amazing and reliable.",positive
"Honestly, I am disappointed with the product and would not recommend it.",negative
"As a customer, The product works as expected without anything special. This was my experience.",neutral
"After using it, The purchase experience was satisfactory. This was my experience.",neutral
"Honestly, Customer support was unhelpful and did not solve my problem. There is still room for improvement.",negative
"In my experience, The purchase experience was smooth and satisfying. This was my experience.",positive
"Honestly, Customer support was unhelpful and did not solve my problem.",negative
"Honestly, The product works perfectly and feels premium. I would recommend it.",positive
"From my experience, The product performance was amazing and reliable.",positive
"In my experience, The product is okay, but nothing particularly stood out. I would recommend it.",neutral
I am disappointed with the product and would not recommend it.,negative
"Overall, The product works perfectly and feels premium. There is still room for improvement.",positive
"After using it, The purchase experience was satisfactory.",neutral
Delivery was normal and arrived within the expected time. This was my experience.,neutral
"For me, The packaging was fine and served its purpose.",neutral
"From my experience, Delivery was late and the packaging was damaged. This was my experience.",negative
"Honestly, The purchase experience was smooth and satisfying.",positive
"Overall, The overall experience was fantastic and worthwhile.",positive
"Honestly, The product quality was average and matched my expectations.",neutral
"From my experience, The purchase experience was satisfactory. There is still room for improvement.",neutral
"In my experience, The service was acceptable but could still be improved.",neutral
Customer support was unhelpful and did not solve my problem. I would consider using it again.,negative
"From my experience, The service was slow and very frustrating. There is still room for improvement.",negative
Delivery was late and the packaging was damaged. I would consider using it again.,negative
"For me, The product did not work properly and felt low quality. There is still room for improvement.",negative
"From my experience, The purchase experience was frustrating and disappointing.",negative
"For me, Overall, the experience was decent but not impressive. This was my experience.",neutral
"After using it, The purchase experience was smooth and satisfying.",positive
"As a customer, The overall experience was terrible and not worthwhile.",negative
"As a customer, The product is okay, but nothing particularly stood out. This was my experience.",neutral
"In my experience, The product works as expected without anything special.",neutral
"Honestly, The service was fast, helpful, and very professional. There is still room for improvement.",positive
"As a customer, The product quality was average and matched my expectations. I would recommend it.",neutral
The purchase experience was smooth and satisfying.,positive
"In my experience, The product performance was unreliable and caused problems. There is still room for improvement.",negative
"Overall, the experience was decent but not impressive. There is still room for improvement.",neutral
"As a customer, The service was slow and very frustrating. I would consider using it again.",negative
"As a customer, The product performance was unreliable and caused problems. I would recommend it.",negative
"Honestly, Overall, the experience was decent but not impressive. I would consider using it again.",neutral
"From my experience, The staff were unhelpful and made the experience unpleasant.",negative
The product quality was poor and below my expectations.,negative
"Overall, the experience was decent but not impressive.",neutral
The overall experience was terrible and not worthwhile.,negative
"After using it, The packaging was fine and served its purpose. There is still room for improvement.",neutral
"Overall, Customer support was unhelpful and did not solve my problem.",negative
"Overall, The product did not work properly and felt low quality.",negative
"Overall, The product quality was poor and below my expectations. There is still room for improvement.",negative
"In my experience, Customer support was friendly and solved my problem quickly. This was my experience.",positive
"Honestly, The staff were helpful and made the experience pleasant. I would consider using it again.",positive
"Overall, I am disappointed with the product and would not recommend it.",negative
"In my experience, Delivery was late and the packaging was damaged. This was my experience.",negative
"Overall, The service was slow and very frustrating. I would consider using it again.",negative
"Overall, The staff were polite, although the experience was ordinary. I would consider using it again.",neutral
"From my experience, Customer support answered my question, but the response was ordinary. I would recommend it.",neutral
"Honestly, The product performance was amazing and reliable. There is still room for improvement.",positive
"From my experience, The overall experience was terrible and not worthwhile.",negative
"After using it, The product is okay, but nothing particularly stood out. This was my experience.",neutral
"For me, Customer support answered my question, but the response was ordinary.",neutral
"For me, The product performance was unreliable and caused problems.",negative
"For me, The staff were helpful and made the experience pleasant. I would recommend it.",positive
"For me, Customer support answered my question, but the response was ordinary. There is still room for improvement.",neutral
"As a customer, The purchase experience was smooth and satisfying. This was my experience.",positive
"Honestly, The product quality was poor and below my expectations. This was my experience.",negative
"For me, The overall experience was fantastic and worthwhile. There is still room for improvement.",positive
The staff were unhelpful and made the experience unpleasant. I would consider using it again.,negative
"For me, The service was acceptable but could still be improved.",neutral
"Overall, The product is okay, but nothing particularly stood out. I would consider using it again.",neutral
"Honestly, Customer support was friendly and solved my problem quickly. I would recommend it.",positive
"Overall, The purchase experience was smooth and satisfying.",positive
"For me, The product did not work properly and felt low quality.",negative
"Honestly, The staff were polite, although the experience was ordinary.",neutral
"Honestly, Overall, the experience was decent but not impressive.",neutral
"In my experience, The product is okay, but nothing particularly stood out.",neutral
"Overall, The staff were unhelpful and made the experience unpleasant. I would recommend it.",negative
"Overall, The service was slow and very frustrating.",negative
"After using it, The product works as expected without anything special.",neutral
"Overall, The purchase experience was smooth and satisfying. I would consider using it again.",positive
"In my experience, The overall experience was terrible and not worthwhile. I would consider using it again.",negative
"Honestly, The packaging was fine and served its purpose.",neutral
"After using it, The product performance was unreliable and caused problems. There is still room for improvement.",negative
"The service was fast, helpful, and very professional.",positive
"After using it, Customer support was friendly and solved my problem quickly. I would consider using it again.",positive
"For me, The staff were unhelpful and made the experience unpleasant.",negative
"In my experience, The service was slow and very frustrating.",negative
"After using it, The purchase experience was smooth and satisfying. I would consider using it again.",positive
The product did not work properly and felt low quality.,negative
"As a customer, The service was fast, helpful, and very professional.",positive
The staff were helpful and made the experience pleasant. There is still room for improvement.,positive
"From my experience, Delivery was quick and the packaging was excellent.",positive
"In my experience, The packaging was fine and served its purpose.",neutral
The product works perfectly and feels premium. There is still room for improvement.,positive
"Honestly, The service was acceptable but could still be improved.",neutral
"In my experience, The overall experience was fantastic and worthwhile. This was my experience.",positive
The purchase experience was satisfactory.,neutral
"From my experience, The product performance was amazing and reliable. I would consider using it again.",positive
"Overall, The product quality was excellent and exceeded my expectations. I would recommend it.",positive
"Overall, I am very happy with the product and would recommend it. I would recommend it.",positive
"After using it, I am very happy with the product and would recommend it. I would recommend it.",positive
"Overall, The staff were helpful and made the experience pleasant.",positive
"In my experience, The product performance was amazing and reliable. I would consider using it again.",positive
"In my experience, The product is okay, but nothing particularly stood out. There is still room for improvement.",neutral
"As a customer, Delivery was late and the packaging was damaged. I would recommend it.",negative
"Honestly, The product did not work properly and felt low quality. This was my experience.",negative
"From my experience, The product is okay, but nothing particularly stood out.",neutral
"In my experience, The product performance was unreliable and caused problems.",negative
"As a customer, The product works perfectly and feels premium. This was my experience.",positive
"Honestly, The service was fast, helpful, and very professional. I would consider using it again.",positive
"From my experience, The service was acceptable but could still be improved.",neutral
"After using it, Customer support was unhelpful and did not solve my problem.",negative
"Overall, The product works as expected without anything special. I would consider using it again.",neutral
"In my experience, Customer support was unhelpful and did not solve my problem. This was my experience.",negative
"For me, The staff were helpful and made the experience pleasant. There is still room for improvement.",positive
"For me, Delivery was late and the packaging was damaged.",negative
The purchase experience was frustrating and disappointing.,negative
"Overall, The service was fast, helpful, and very professional.",positive
"After using it, The product performance was unreliable and caused problems. I would consider using it again.",negative
"Overall, The purchase experience was frustrating and disappointing. There is still room for improvement.",negative
The product quality was average and matched my expectations.,neutral
"As a customer, Overall, the experience was decent but not impressive. There is still room for improvement.",neutral
"After using it, The packaging was fine and served its purpose.",neutral
The product works as expected without anything special.,neutral
"After using it, Overall, the experience was decent but not impressive. I would consider using it again.",neutral
"Overall, The service was acceptable but could still be improved. I would recommend it.",neutral
"From my experience, The product quality was average and matched my expectations. There is still room for improvement.",neutral
The product quality was excellent and exceeded my expectations.,positive
"As a customer, The service was acceptable but could still be improved. I would recommend it.",neutral
"Honestly, The staff were unhelpful and made the experience unpleasant.",negative
"For me, The purchase experience was frustrating and disappointing. I would recommend it.",negative
"In my experience, I am disappointed with the product and would not recommend it. This was my experience.",negative
"Honestly, Customer support was friendly and solved my problem quickly.",positive
"Honestly, The product is okay, but nothing particularly stood out. This was my experience.",neutral
"For me, The service was slow and very frustrating.",negative
The product performance was unreliable and caused problems.,negative
"In my experience, The staff were unhelpful and made the experience unpleasant.",negative
"In my experience, The product quality was average and matched my expectations. There is still room for improvement.",neutral
"For me, The product works as expected without anything special. I would recommend it.",neutral
"After using it, The staff were helpful and made the experience pleasant.",positive
"From my experience, The product works perfectly and feels premium. I would recommend it.",positive
The packaging was fine and served its purpose. I would consider using it again.,neutral
"As a customer, The product quality was average and matched my expectations. I would consider using it again.",neutral
"In my experience, Delivery was quick and the packaging was excellent.",positive
"Overall, The product quality was poor and below my expectations.",negative
"In my experience, The service was fast, helpful, and very professional.",positive
"Honestly, I am very happy with the product and would recommend it.",positive
"Overall, The product quality was poor and below my expectations. I would recommend it.",negative
Delivery was normal and arrived within the expected time. I would consider using it again.,neutral
"Overall, The purchase experience was satisfactory.",neutral
"In my experience, The product quality was average and matched my expectations. This was my experience.",neutral
"In my experience, The purchase experience was smooth and satisfying. There is still room for improvement.",positive
"From my experience, I am very happy with the product and would recommend it.",positive
"For me, The purchase experience was frustrating and disappointing.",negative
"In my experience, Customer support was unhelpful and did not solve my problem.",negative
"For me, The product is okay, but nothing particularly stood out.",neutral
The product did not work properly and felt low quality. I would consider using it again.,negative
"For me, Delivery was normal and arrived within the expected time.",neutral
"After using it, The staff were polite, although the experience was ordinary. I would recommend it.",neutral
"As a customer, The packaging was fine and served its purpose.",neutral
The product quality was poor and below my expectations. I would consider using it again.,negative
"As a customer, Overall, the experience was decent but not impressive.",neutral
"In my experience, The product did not work properly and felt low quality. There is still room for improvement.",negative
"As a customer, The purchase experience was smooth and satisfying. There is still room for improvement.",positive
"Honestly, Delivery was quick and the packaging was excellent.",positive
"As a customer, Delivery was late and the packaging was damaged.",negative
"As a customer, The purchase experience was smooth and satisfying.",positive
The overall experience was terrible and not worthwhile. I would consider using it again.,negative
"After using it, The purchase experience was frustrating and disappointing. There is still room for improvement.",negative
"As a customer, Delivery was quick and the packaging was excellent.",positive
"Overall, The product quality was excellent and exceeded my expectations. This was my experience.",positive
"After using it, The product performance was amazing and reliable. This was my experience.",positive
"In my experience, The service was fast, helpful, and very professional. This was my experience.",positive
"After using it, The product did not work properly and felt low quality.",negative
"For me, The staff were polite, although the experience was ordinary. I would consider using it again.",neutral
The overall experience was fantastic and worthwhile.,positive
"After using it, The product quality was average and matched my expectations. There is still room for improvement.",neutral
"The service was fast, helpful, and very professional. There is still room for improvement.",positive
"From my experience, The purchase experience was satisfactory.",neutral
"For me, The packaging was fine and served its purpose. I would recommend it.",neutral
The service was acceptable but could still be improved. There is still room for improvement.,neutral
"After using it, Delivery was late and the packaging was damaged.",negative
"For me, The service was slow and very frustrating. There is still room for improvement.",negative
"Honestly, The overall experience was terrible and not worthwhile. This was my experience.",negative
"In my experience, Delivery was normal and arrived within the expected time. This was my experience.",neutral
"In my experience, The product quality was average and matched my expectations.",neutral
"After using it, The staff were helpful and made the experience pleasant. I would recommend it.",positive
"In my experience, The product quality was poor and below my expectations. This was my experience.",negative
"From my experience, Delivery was late and the packaging was damaged. I would recommend it.",negative
"As a customer, Customer support was friendly and solved my problem quickly.",positive
"In my experience, Overall, the experience was decent but not impressive. I would consider using it again.",neutral
"For me, The product quality was excellent and exceeded my expectations.",positive
"From my experience, The product performance was unreliable and caused problems. I would consider using it again.",negative
"As a customer, The product works perfectly and feels premium.",positive
"Overall, The product quality was average and matched my expectations.",neutral
"Overall, I am very happy with the product and would recommend it. I would consider using it again.",positive
"After using it, Customer support was unhelpful and did not solve my problem. I would consider using it again.",negative
"As a customer, I am disappointed with the product and would not recommend it.",negative
"In my experience, The service was slow and very frustrating. There is still room for improvement.",negative
"The staff were polite, although the experience was ordinary.",neutral
"After using it, The product works perfectly and feels premium. This was my experience.",positive
"Honestly, The purchase experience was satisfactory. I would recommend it.",neutral
"For me, The product works as expected without anything special.",neutral
"For me, The service was acceptable but could still be improved. This was my experience.",neutral
"For me, The product quality was excellent and exceeded my expectations. There is still room for improvement.",positive
"Honestly, Customer support answered my question, but the response was ordinary. This was my experience.",neutral
"As a customer, Overall, the experience was decent but not impressive. I would recommend it.",neutral
"As a customer, Delivery was normal and arrived within the expected time. I would recommend it.",neutral
"In my experience, The staff were helpful and made the experience pleasant.",positive
"In my experience, The overall experience was terrible and not worthwhile.",negative
"Honestly, The product did not work properly and felt low quality.",negative
"After using it, The overall experience was terrible and not worthwhile.",negative
Customer support was unhelpful and did not solve my problem.,negative
"Honestly, The service was acceptable but could still be improved. This was my experience.",neutral
The staff were unhelpful and made the experience unpleasant.,negative
"Honestly, The overall experience was fantastic and worthwhile. There is still room for improvement.",positive
Delivery was late and the packaging was damaged. This was my experience.,negative
"As a customer, Customer support was unhelpful and did not solve my problem. I would consider using it again.",negative
"For me, The service was fast, helpful, and very professional. There is still room for improvement.",positive
"For me, Delivery was late and the packaging was damaged. There is still room for improvement.",negative
"After using it, The staff were unhelpful and made the experience unpleasant. There is still room for improvement.",negative
"After using it, The service was acceptable but could still be improved.",neutral
"Overall, I am very happy with the product and would recommend it. There is still room for improvement.",positive
"From my experience, Customer support answered my question, but the response was ordinary.",neutral
"In my experience, The service was slow and very frustrating. This was my experience.",negative
"For me, The staff were helpful and made the experience pleasant.",positive
"In my experience, Delivery was normal and arrived within the expected time. I would consider using it again.",neutral
"As a customer, The overall experience was fantastic and worthwhile. There is still room for improvement.",positive
"From my experience, Overall, the experience was decent but not impressive.",neutral
"As a customer, The product quality was poor and below my expectations. This was my experience.",negative
"Overall, The product did not work properly and felt low quality. This was my experience.",negative
"Overall, The product works as expected without anything special.",neutral
"Overall, Customer support answered my question, but the response was ordinary.",neutral
"From my experience, The purchase experience was smooth and satisfying.",positive
"From my experience, The product works perfectly and feels premium. This was my experience.",positive
"After using it, The staff were polite, although the experience was ordinary. I would consider using it again.",neutral
"In my experience, The product works perfectly and feels premium. There is still room for improvement.",positive
The service was slow and very frustrating. This was my experience.,negative
"As a customer, The purchase experience was satisfactory. This was my experience.",neutral
The product quality was average and matched my expectations. I would recommend it.,neutral
"After using it, Delivery was late and the packaging was damaged. This was my experience.",negative
"For me, The purchase experience was smooth and satisfying.",positive
"Honestly, I am very happy with the product and would recommend it. I would recommend it.",positive
"For me, Delivery was quick and the packaging was excellent.",positive
"From my experience, Customer support was friendly and solved my problem quickly.",positive
"From my experience, Delivery was normal and arrived within the expected time. This was my experience.",neutral
"For me, I am disappointed with the product and would not recommend it. There is still room for improvement.",negative
"After using it, Customer support was friendly and solved my problem quickly.",positive
